"policy","baseline","seedIndex","replicate","split","complete","failed","score","baselineScore","pairedDifference","maxTile","moves","capHit","liveProviderDecisions","providerRequests","knownInputTokens","unknownUsageAttempts","latencyP50","latencyP95","wallMs","chainVerified"
"random","greedy","0","0","development","true",,"528","520","8","64","64","true","0","0","0","0","0.6811799999999977","3.2446547999999975","360.250003","true"
"greedy","greedy","0","0","development","true",,"520","520","0","64","64","true","0","0","0","0","0.7570264999999665","1.2041276500000404","266.31249099999997","true"
"heuristic","greedy","0","0","development","true",,"760","520","240","128","64","true","0","0","0","0","1.429854999999975","2.3704764999999663","312.229787","true"
"random","greedy","1","0","development","true",,"464","508","-44","64","64","true","0","0","0","0","0.561358499999983","0.8104317000000434","258.5532710000001","true"
"greedy","greedy","1","0","development","true",,"508","508","0","64","64","true","0","0","0","0","0.6879950000001145","0.928448449999962","240.13756899999998","true"
"heuristic","greedy","1","0","development","true",,"528","508","20","64","64","true","0","0","0","0","1.256524000000013","2.3052396499999297","299.08827900000006","true"
"random","greedy","2","0","development","true",,"492","512","-20","64","64","true","0","0","0","0","0.6425480000000334","0.9222178999999642","246.63090199999988","true"
"greedy","greedy","2","0","development","true",,"512","512","0","64","64","true","0","0","0","0","0.666868999999906","0.9729378499999939","252.82489699999996","true"
"heuristic","greedy","2","0","development","true",,"756","512","244","128","64","true","0","0","0","0","1.3223965000001954","1.8378468000000563","302.13637100000005","true"
