"eventSeq","requestHash","question","level","probability","score","confidence","description"
"5","6f96e975e8a29d8242e928f193de9300101bd0db4e33760718255c478cc5f84a","UP_merge","0","0","3","1","Important equal tiles are separated by obstructing tiles with no coherent merge sequence."
"5","6f96e975e8a29d8242e928f193de9300101bd0db4e33760718255c478cc5f84a","UP_merge","1","0","3","1","Useful merges require disrupting the established large-tile arrangement."
"5","6f96e975e8a29d8242e928f193de9300101bd0db4e33760718255c478cc5f84a","UP_merge","2","0","3","1","A useful merge exists but continuing the sequence is awkward."
"5","6f96e975e8a29d8242e928f193de9300101bd0db4e33760718255c478cc5f84a","UP_merge","3","1","3","1","Several equal tiles form accessible, orderly merge sequences."
"5","6f96e975e8a29d8242e928f193de9300101bd0db4e33760718255c478cc5f84a","UP_merge","4","0","3","1","Coherent merge sequences preserve the established large-tile arrangement."
"5","6f96e975e8a29d8242e928f193de9300101bd0db4e33760718255c478cc5f84a","UP_space","0","0","3","1","The arrangement has no practical route to restore maneuvering room."
"5","6f96e975e8a29d8242e928f193de9300101bd0db4e33760718255c478cc5f84a","UP_space","1","0","3","1","Restoring space requires a narrow sequence with substantial obstruction."
"5","6f96e975e8a29d8242e928f193de9300101bd0db4e33760718255c478cc5f84a","UP_space","2","0","3","1","Some routes to restore space exist but are constrained."
"5","6f96e975e8a29d8242e928f193de9300101bd0db4e33760718255c478cc5f84a","UP_space","3","1","3","1","Multiple practical merge sequences can reopen empty cells."
"5","6f96e975e8a29d8242e928f193de9300101bd0db4e33760718255c478cc5f84a","UP_space","4","0","3","1","The arrangement readily restores maneuvering room through several compatible sequences."
"5","6f96e975e8a29d8242e928f193de9300101bd0db4e33760718255c478cc5f84a","RIGHT_merge","0","0","3","1","Important equal tiles are separated by obstructing tiles with no coherent merge sequence."
"5","6f96e975e8a29d8242e928f193de9300101bd0db4e33760718255c478cc5f84a","RIGHT_merge","1","0","3","1","Useful merges require disrupting the established large-tile arrangement."
"5","6f96e975e8a29d8242e928f193de9300101bd0db4e33760718255c478cc5f84a","RIGHT_merge","2","0","3","1","A useful merge exists but continuing the sequence is awkward."
"5","6f96e975e8a29d8242e928f193de9300101bd0db4e33760718255c478cc5f84a","RIGHT_merge","3","1","3","1","Several equal tiles form accessible, orderly merge sequences."
"5","6f96e975e8a29d8242e928f193de9300101bd0db4e33760718255c478cc5f84a","RIGHT_merge","4","0","3","1","Coherent merge sequences preserve the established large-tile arrangement."
"5","6f96e975e8a29d8242e928f193de9300101bd0db4e33760718255c478cc5f84a","RIGHT_space","0","0","3","1","The arrangement has no practical route to restore maneuvering room."
"5","6f96e975e8a29d8242e928f193de9300101bd0db4e33760718255c478cc5f84a","RIGHT_space","1","0","3","1","Restoring space requires a narrow sequence with substantial obstruction."
"5","6f96e975e8a29d8242e928f193de9300101bd0db4e33760718255c478cc5f84a","RIGHT_space","2","0","3","1","Some routes to restore space exist but are constrained."
"5","6f96e975e8a29d8242e928f193de9300101bd0db4e33760718255c478cc5f84a","RIGHT_space","3","1","3","1","Multiple practical merge sequences can reopen empty cells."
"5","6f96e975e8a29d8242e928f193de9300101bd0db4e33760718255c478cc5f84a","RIGHT_space","4","0","3","1","The arrangement readily restores maneuvering room through several compatible sequences."
"5","6f96e975e8a29d8242e928f193de9300101bd0db4e33760718255c478cc5f84a","DOWN_merge","0","0","3","1","Important equal tiles are separated by obstructing tiles with no coherent merge sequence."
"5","6f96e975e8a29d8242e928f193de9300101bd0db4e33760718255c478cc5f84a","DOWN_merge","1","0","3","1","Useful merges require disrupting the established large-tile arrangement."
"5","6f96e975e8a29d8242e928f193de9300101bd0db4e33760718255c478cc5f84a","DOWN_merge","2","0","3","1","A useful merge exists but continuing the sequence is awkward."
"5","6f96e975e8a29d8242e928f193de9300101bd0db4e33760718255c478cc5f84a","DOWN_merge","3","1","3","1","Several equal tiles form accessible, orderly merge sequences."
"5","6f96e975e8a29d8242e928f193de9300101bd0db4e33760718255c478cc5f84a","DOWN_merge","4","0","3","1","Coherent merge sequences preserve the established large-tile arrangement."
"5","6f96e975e8a29d8242e928f193de9300101bd0db4e33760718255c478cc5f84a","DOWN_space","0","0","3","1","The arrangement has no practical route to restore maneuvering room."
"5","6f96e975e8a29d8242e928f193de9300101bd0db4e33760718255c478cc5f84a","DOWN_space","1","0","3","1","Restoring space requires a narrow sequence with substantial obstruction."
"5","6f96e975e8a29d8242e928f193de9300101bd0db4e33760718255c478cc5f84a","DOWN_space","2","0","3","1","Some routes to restore space exist but are constrained."
"5","6f96e975e8a29d8242e928f193de9300101bd0db4e33760718255c478cc5f84a","DOWN_space","3","1","3","1","Multiple practical merge sequences can reopen empty cells."
"5","6f96e975e8a29d8242e928f193de9300101bd0db4e33760718255c478cc5f84a","DOWN_space","4","0","3","1","The arrangement readily restores maneuvering room through several compatible sequences."
"5","6f96e975e8a29d8242e928f193de9300101bd0db4e33760718255c478cc5f84a","LEFT_merge","0","0","3","1","Important equal tiles are separated by obstructing tiles with no coherent merge sequence."
"5","6f96e975e8a29d8242e928f193de9300101bd0db4e33760718255c478cc5f84a","LEFT_merge","1","0","3","1","Useful merges require disrupting the established large-tile arrangement."
"5","6f96e975e8a29d8242e928f193de9300101bd0db4e33760718255c478cc5f84a","LEFT_merge","2","0","3","1","A useful merge exists but continuing the sequence is awkward."
"5","6f96e975e8a29d8242e928f193de9300101bd0db4e33760718255c478cc5f84a","LEFT_merge","3","1","3","1","Several equal tiles form accessible, orderly merge sequences."
"5","6f96e975e8a29d8242e928f193de9300101bd0db4e33760718255c478cc5f84a","LEFT_merge","4","0","3","1","Coherent merge sequences preserve the established large-tile arrangement."
"5","6f96e975e8a29d8242e928f193de9300101bd0db4e33760718255c478cc5f84a","LEFT_space","0","0","3","1","The arrangement has no practical route to restore maneuvering room."
"5","6f96e975e8a29d8242e928f193de9300101bd0db4e33760718255c478cc5f84a","LEFT_space","1","0","3","1","Restoring space requires a narrow sequence with substantial obstruction."
"5","6f96e975e8a29d8242e928f193de9300101bd0db4e33760718255c478cc5f84a","LEFT_space","2","0","3","1","Some routes to restore space exist but are constrained."
"5","6f96e975e8a29d8242e928f193de9300101bd0db4e33760718255c478cc5f84a","LEFT_space","3","1","3","1","Multiple practical merge sequences can reopen empty cells."
"5","6f96e975e8a29d8242e928f193de9300101bd0db4e33760718255c478cc5f84a","LEFT_space","4","0","3","1","The arrangement readily restores maneuvering room through several compatible sequences."
"11","15c312d3a70592e59430b1cf2d2ff9767b6f5dae3602f2fed79f7dd1970b115c","UP_merge","0","0","3","1","Important equal tiles are separated by obstructing tiles with no coherent merge sequence."
"11","15c312d3a70592e59430b1cf2d2ff9767b6f5dae3602f2fed79f7dd1970b115c","UP_merge","1","0","3","1","Useful merges require disrupting the established large-tile arrangement."
"11","15c312d3a70592e59430b1cf2d2ff9767b6f5dae3602f2fed79f7dd1970b115c","UP_merge","2","0","3","1","A useful merge exists but continuing the sequence is awkward."
"11","15c312d3a70592e59430b1cf2d2ff9767b6f5dae3602f2fed79f7dd1970b115c","UP_merge","3","1","3","1","Several equal tiles form accessible, orderly merge sequences."
"11","15c312d3a70592e59430b1cf2d2ff9767b6f5dae3602f2fed79f7dd1970b115c","UP_merge","4","0","3","1","Coherent merge sequences preserve the established large-tile arrangement."
"11","15c312d3a70592e59430b1cf2d2ff9767b6f5dae3602f2fed79f7dd1970b115c","UP_space","0","0","3","1","The arrangement has no practical route to restore maneuvering room."
"11","15c312d3a70592e59430b1cf2d2ff9767b6f5dae3602f2fed79f7dd1970b115c","UP_space","1","0","3","1","Restoring space requires a narrow sequence with substantial obstruction."
"11","15c312d3a70592e59430b1cf2d2ff9767b6f5dae3602f2fed79f7dd1970b115c","UP_space","2","0","3","1","Some routes to restore space exist but are constrained."
"11","15c312d3a70592e59430b1cf2d2ff9767b6f5dae3602f2fed79f7dd1970b115c","UP_space","3","1","3","1","Multiple practical merge sequences can reopen empty cells."
"11","15c312d3a70592e59430b1cf2d2ff9767b6f5dae3602f2fed79f7dd1970b115c","UP_space","4","0","3","1","The arrangement readily restores maneuvering room through several compatible sequences."
"11","15c312d3a70592e59430b1cf2d2ff9767b6f5dae3602f2fed79f7dd1970b115c","RIGHT_merge","0","0","3","1","Important equal tiles are separated by obstructing tiles with no coherent merge sequence."
"11","15c312d3a70592e59430b1cf2d2ff9767b6f5dae3602f2fed79f7dd1970b115c","RIGHT_merge","1","0","3","1","Useful merges require disrupting the established large-tile arrangement."
"11","15c312d3a70592e59430b1cf2d2ff9767b6f5dae3602f2fed79f7dd1970b115c","RIGHT_merge","2","0","3","1","A useful merge exists but continuing the sequence is awkward."
"11","15c312d3a70592e59430b1cf2d2ff9767b6f5dae3602f2fed79f7dd1970b115c","RIGHT_merge","3","1","3","1","Several equal tiles form accessible, orderly merge sequences."
"11","15c312d3a70592e59430b1cf2d2ff9767b6f5dae3602f2fed79f7dd1970b115c","RIGHT_merge","4","0","3","1","Coherent merge sequences preserve the established large-tile arrangement."
"11","15c312d3a70592e59430b1cf2d2ff9767b6f5dae3602f2fed79f7dd1970b115c","RIGHT_space","0","0","3","1","The arrangement has no practical route to restore maneuvering room."
"11","15c312d3a70592e59430b1cf2d2ff9767b6f5dae3602f2fed79f7dd1970b115c","RIGHT_space","1","0","3","1","Restoring space requires a narrow sequence with substantial obstruction."
"11","15c312d3a70592e59430b1cf2d2ff9767b6f5dae3602f2fed79f7dd1970b115c","RIGHT_space","2","0","3","1","Some routes to restore space exist but are constrained."
"11","15c312d3a70592e59430b1cf2d2ff9767b6f5dae3602f2fed79f7dd1970b115c","RIGHT_space","3","1","3","1","Multiple practical merge sequences can reopen empty cells."
"11","15c312d3a70592e59430b1cf2d2ff9767b6f5dae3602f2fed79f7dd1970b115c","RIGHT_space","4","0","3","1","The arrangement readily restores maneuvering room through several compatible sequences."
"11","15c312d3a70592e59430b1cf2d2ff9767b6f5dae3602f2fed79f7dd1970b115c","DOWN_merge","0","0","3","1","Important equal tiles are separated by obstructing tiles with no coherent merge sequence."
"11","15c312d3a70592e59430b1cf2d2ff9767b6f5dae3602f2fed79f7dd1970b115c","DOWN_merge","1","0","3","1","Useful merges require disrupting the established large-tile arrangement."
"11","15c312d3a70592e59430b1cf2d2ff9767b6f5dae3602f2fed79f7dd1970b115c","DOWN_merge","2","0","3","1","A useful merge exists but continuing the sequence is awkward."
"11","15c312d3a70592e59430b1cf2d2ff9767b6f5dae3602f2fed79f7dd1970b115c","DOWN_merge","3","1","3","1","Several equal tiles form accessible, orderly merge sequences."
"11","15c312d3a70592e59430b1cf2d2ff9767b6f5dae3602f2fed79f7dd1970b115c","DOWN_merge","4","0","3","1","Coherent merge sequences preserve the established large-tile arrangement."
"11","15c312d3a70592e59430b1cf2d2ff9767b6f5dae3602f2fed79f7dd1970b115c","DOWN_space","0","0","3","1","The arrangement has no practical route to restore maneuvering room."
"11","15c312d3a70592e59430b1cf2d2ff9767b6f5dae3602f2fed79f7dd1970b115c","DOWN_space","1","0","3","1","Restoring space requires a narrow sequence with substantial obstruction."
"11","15c312d3a70592e59430b1cf2d2ff9767b6f5dae3602f2fed79f7dd1970b115c","DOWN_space","2","0","3","1","Some routes to restore space exist but are constrained."
"11","15c312d3a70592e59430b1cf2d2ff9767b6f5dae3602f2fed79f7dd1970b115c","DOWN_space","3","1","3","1","Multiple practical merge sequences can reopen empty cells."
"11","15c312d3a70592e59430b1cf2d2ff9767b6f5dae3602f2fed79f7dd1970b115c","DOWN_space","4","0","3","1","The arrangement readily restores maneuvering room through several compatible sequences."
"11","15c312d3a70592e59430b1cf2d2ff9767b6f5dae3602f2fed79f7dd1970b115c","LEFT_merge","0","0","3","1","Important equal tiles are separated by obstructing tiles with no coherent merge sequence."
"11","15c312d3a70592e59430b1cf2d2ff9767b6f5dae3602f2fed79f7dd1970b115c","LEFT_merge","1","0","3","1","Useful merges require disrupting the established large-tile arrangement."
"11","15c312d3a70592e59430b1cf2d2ff9767b6f5dae3602f2fed79f7dd1970b115c","LEFT_merge","2","0","3","1","A useful merge exists but continuing the sequence is awkward."
"11","15c312d3a70592e59430b1cf2d2ff9767b6f5dae3602f2fed79f7dd1970b115c","LEFT_merge","3","1","3","1","Several equal tiles form accessible, orderly merge sequences."
"11","15c312d3a70592e59430b1cf2d2ff9767b6f5dae3602f2fed79f7dd1970b115c","LEFT_merge","4","0","3","1","Coherent merge sequences preserve the established large-tile arrangement."
"11","15c312d3a70592e59430b1cf2d2ff9767b6f5dae3602f2fed79f7dd1970b115c","LEFT_space","0","0","3","1","The arrangement has no practical route to restore maneuvering room."
"11","15c312d3a70592e59430b1cf2d2ff9767b6f5dae3602f2fed79f7dd1970b115c","LEFT_space","1","0","3","1","Restoring space requires a narrow sequence with substantial obstruction."
"11","15c312d3a70592e59430b1cf2d2ff9767b6f5dae3602f2fed79f7dd1970b115c","LEFT_space","2","0","3","1","Some routes to restore space exist but are constrained."
"11","15c312d3a70592e59430b1cf2d2ff9767b6f5dae3602f2fed79f7dd1970b115c","LEFT_space","3","1","3","1","Multiple practical merge sequences can reopen empty cells."
"11","15c312d3a70592e59430b1cf2d2ff9767b6f5dae3602f2fed79f7dd1970b115c","LEFT_space","4","0","3","1","The arrangement readily restores maneuvering room through several compatible sequences."
"17","b115e3de9d12ae243619101939118d59ed7a06e87472ae437a9cb08e1b19886f","UP_merge","0","0","3","1","Important equal tiles are separated by obstructing tiles with no coherent merge sequence."
"17","b115e3de9d12ae243619101939118d59ed7a06e87472ae437a9cb08e1b19886f","UP_merge","1","0","3","1","Useful merges require disrupting the established large-tile arrangement."
"17","b115e3de9d12ae243619101939118d59ed7a06e87472ae437a9cb08e1b19886f","UP_merge","2","0","3","1","A useful merge exists but continuing the sequence is awkward."
"17","b115e3de9d12ae243619101939118d59ed7a06e87472ae437a9cb08e1b19886f","UP_merge","3","1","3","1","Several equal tiles form accessible, orderly merge sequences."
"17","b115e3de9d12ae243619101939118d59ed7a06e87472ae437a9cb08e1b19886f","UP_merge","4","0","3","1","Coherent merge sequences preserve the established large-tile arrangement."
"17","b115e3de9d12ae243619101939118d59ed7a06e87472ae437a9cb08e1b19886f","UP_space","0","0","3","1","The arrangement has no practical route to restore maneuvering room."
"17","b115e3de9d12ae243619101939118d59ed7a06e87472ae437a9cb08e1b19886f","UP_space","1","0","3","1","Restoring space requires a narrow sequence with substantial obstruction."
"17","b115e3de9d12ae243619101939118d59ed7a06e87472ae437a9cb08e1b19886f","UP_space","2","0","3","1","Some routes to restore space exist but are constrained."
"17","b115e3de9d12ae243619101939118d59ed7a06e87472ae437a9cb08e1b19886f","UP_space","3","1","3","1","Multiple practical merge sequences can reopen empty cells."
"17","b115e3de9d12ae243619101939118d59ed7a06e87472ae437a9cb08e1b19886f","UP_space","4","0","3","1","The arrangement readily restores maneuvering room through several compatible sequences."
"17","b115e3de9d12ae243619101939118d59ed7a06e87472ae437a9cb08e1b19886f","RIGHT_merge","0","0","3","1","Important equal tiles are separated by obstructing tiles with no coherent merge sequence."
"17","b115e3de9d12ae243619101939118d59ed7a06e87472ae437a9cb08e1b19886f","RIGHT_merge","1","0","3","1","Useful merges require disrupting the established large-tile arrangement."
"17","b115e3de9d12ae243619101939118d59ed7a06e87472ae437a9cb08e1b19886f","RIGHT_merge","2","0","3","1","A useful merge exists but continuing the sequence is awkward."
"17","b115e3de9d12ae243619101939118d59ed7a06e87472ae437a9cb08e1b19886f","RIGHT_merge","3","1","3","1","Several equal tiles form accessible, orderly merge sequences."
"17","b115e3de9d12ae243619101939118d59ed7a06e87472ae437a9cb08e1b19886f","RIGHT_merge","4","0","3","1","Coherent merge sequences preserve the established large-tile arrangement."
"17","b115e3de9d12ae243619101939118d59ed7a06e87472ae437a9cb08e1b19886f","RIGHT_space","0","0","3","1","The arrangement has no practical route to restore maneuvering room."
"17","b115e3de9d12ae243619101939118d59ed7a06e87472ae437a9cb08e1b19886f","RIGHT_space","1","0","3","1","Restoring space requires a narrow sequence with substantial obstruction."
"17","b115e3de9d12ae243619101939118d59ed7a06e87472ae437a9cb08e1b19886f","RIGHT_space","2","0","3","1","Some routes to restore space exist but are constrained."
"17","b115e3de9d12ae243619101939118d59ed7a06e87472ae437a9cb08e1b19886f","RIGHT_space","3","1","3","1","Multiple practical merge sequences can reopen empty cells."
"17","b115e3de9d12ae243619101939118d59ed7a06e87472ae437a9cb08e1b19886f","RIGHT_space","4","0","3","1","The arrangement readily restores maneuvering room through several compatible sequences."
"17","b115e3de9d12ae243619101939118d59ed7a06e87472ae437a9cb08e1b19886f","DOWN_merge","0","0","3","1","Important equal tiles are separated by obstructing tiles with no coherent merge sequence."
"17","b115e3de9d12ae243619101939118d59ed7a06e87472ae437a9cb08e1b19886f","DOWN_merge","1","0","3","1","Useful merges require disrupting the established large-tile arrangement."
"17","b115e3de9d12ae243619101939118d59ed7a06e87472ae437a9cb08e1b19886f","DOWN_merge","2","0","3","1","A useful merge exists but continuing the sequence is awkward."
"17","b115e3de9d12ae243619101939118d59ed7a06e87472ae437a9cb08e1b19886f","DOWN_merge","3","1","3","1","Several equal tiles form accessible, orderly merge sequences."
"17","b115e3de9d12ae243619101939118d59ed7a06e87472ae437a9cb08e1b19886f","DOWN_merge","4","0","3","1","Coherent merge sequences preserve the established large-tile arrangement."
"17","b115e3de9d12ae243619101939118d59ed7a06e87472ae437a9cb08e1b19886f","DOWN_space","0","0","3","1","The arrangement has no practical route to restore maneuvering room."
"17","b115e3de9d12ae243619101939118d59ed7a06e87472ae437a9cb08e1b19886f","DOWN_space","1","0","3","1","Restoring space requires a narrow sequence with substantial obstruction."
"17","b115e3de9d12ae243619101939118d59ed7a06e87472ae437a9cb08e1b19886f","DOWN_space","2","0","3","1","Some routes to restore space exist but are constrained."
"17","b115e3de9d12ae243619101939118d59ed7a06e87472ae437a9cb08e1b19886f","DOWN_space","3","1","3","1","Multiple practical merge sequences can reopen empty cells."
"17","b115e3de9d12ae243619101939118d59ed7a06e87472ae437a9cb08e1b19886f","DOWN_space","4","0","3","1","The arrangement readily restores maneuvering room through several compatible sequences."
"17","b115e3de9d12ae243619101939118d59ed7a06e87472ae437a9cb08e1b19886f","LEFT_merge","0","0","3","1","Important equal tiles are separated by obstructing tiles with no coherent merge sequence."
"17","b115e3de9d12ae243619101939118d59ed7a06e87472ae437a9cb08e1b19886f","LEFT_merge","1","0","3","1","Useful merges require disrupting the established large-tile arrangement."
"17","b115e3de9d12ae243619101939118d59ed7a06e87472ae437a9cb08e1b19886f","LEFT_merge","2","0","3","1","A useful merge exists but continuing the sequence is awkward."
"17","b115e3de9d12ae243619101939118d59ed7a06e87472ae437a9cb08e1b19886f","LEFT_merge","3","1","3","1","Several equal tiles form accessible, orderly merge sequences."
"17","b115e3de9d12ae243619101939118d59ed7a06e87472ae437a9cb08e1b19886f","LEFT_merge","4","0","3","1","Coherent merge sequences preserve the established large-tile arrangement."
"17","b115e3de9d12ae243619101939118d59ed7a06e87472ae437a9cb08e1b19886f","LEFT_space","0","0","3","1","The arrangement has no practical route to restore maneuvering room."
"17","b115e3de9d12ae243619101939118d59ed7a06e87472ae437a9cb08e1b19886f","LEFT_space","1","0","3","1","Restoring space requires a narrow sequence with substantial obstruction."
"17","b115e3de9d12ae243619101939118d59ed7a06e87472ae437a9cb08e1b19886f","LEFT_space","2","0","3","1","Some routes to restore space exist but are constrained."
"17","b115e3de9d12ae243619101939118d59ed7a06e87472ae437a9cb08e1b19886f","LEFT_space","3","1","3","1","Multiple practical merge sequences can reopen empty cells."
"17","b115e3de9d12ae243619101939118d59ed7a06e87472ae437a9cb08e1b19886f","LEFT_space","4","0","3","1","The arrangement readily restores maneuvering room through several compatible sequences."
"23","7f08af70b0df4c274f71a0e5d7858e3aacaf2fbcdc8d318da6590e72b930a4fe","UP_merge","0","0","3","1","Important equal tiles are separated by obstructing tiles with no coherent merge sequence."
"23","7f08af70b0df4c274f71a0e5d7858e3aacaf2fbcdc8d318da6590e72b930a4fe","UP_merge","1","0","3","1","Useful merges require disrupting the established large-tile arrangement."
"23","7f08af70b0df4c274f71a0e5d7858e3aacaf2fbcdc8d318da6590e72b930a4fe","UP_merge","2","0","3","1","A useful merge exists but continuing the sequence is awkward."
"23","7f08af70b0df4c274f71a0e5d7858e3aacaf2fbcdc8d318da6590e72b930a4fe","UP_merge","3","1","3","1","Several equal tiles form accessible, orderly merge sequences."
"23","7f08af70b0df4c274f71a0e5d7858e3aacaf2fbcdc8d318da6590e72b930a4fe","UP_merge","4","0","3","1","Coherent merge sequences preserve the established large-tile arrangement."
"23","7f08af70b0df4c274f71a0e5d7858e3aacaf2fbcdc8d318da6590e72b930a4fe","UP_space","0","0","3","1","The arrangement has no practical route to restore maneuvering room."
"23","7f08af70b0df4c274f71a0e5d7858e3aacaf2fbcdc8d318da6590e72b930a4fe","UP_space","1","0","3","1","Restoring space requires a narrow sequence with substantial obstruction."
"23","7f08af70b0df4c274f71a0e5d7858e3aacaf2fbcdc8d318da6590e72b930a4fe","UP_space","2","0","3","1","Some routes to restore space exist but are constrained."
"23","7f08af70b0df4c274f71a0e5d7858e3aacaf2fbcdc8d318da6590e72b930a4fe","UP_space","3","1","3","1","Multiple practical merge sequences can reopen empty cells."
"23","7f08af70b0df4c274f71a0e5d7858e3aacaf2fbcdc8d318da6590e72b930a4fe","UP_space","4","0","3","1","The arrangement readily restores maneuvering room through several compatible sequences."
"23","7f08af70b0df4c274f71a0e5d7858e3aacaf2fbcdc8d318da6590e72b930a4fe","RIGHT_merge","0","0","3","1","Important equal tiles are separated by obstructing tiles with no coherent merge sequence."
"23","7f08af70b0df4c274f71a0e5d7858e3aacaf2fbcdc8d318da6590e72b930a4fe","RIGHT_merge","1","0","3","1","Useful merges require disrupting the established large-tile arrangement."
"23","7f08af70b0df4c274f71a0e5d7858e3aacaf2fbcdc8d318da6590e72b930a4fe","RIGHT_merge","2","0","3","1","A useful merge exists but continuing the sequence is awkward."
"23","7f08af70b0df4c274f71a0e5d7858e3aacaf2fbcdc8d318da6590e72b930a4fe","RIGHT_merge","3","1","3","1","Several equal tiles form accessible, orderly merge sequences."
"23","7f08af70b0df4c274f71a0e5d7858e3aacaf2fbcdc8d318da6590e72b930a4fe","RIGHT_merge","4","0","3","1","Coherent merge sequences preserve the established large-tile arrangement."
"23","7f08af70b0df4c274f71a0e5d7858e3aacaf2fbcdc8d318da6590e72b930a4fe","RIGHT_space","0","0","3","1","The arrangement has no practical route to restore maneuvering room."
"23","7f08af70b0df4c274f71a0e5d7858e3aacaf2fbcdc8d318da6590e72b930a4fe","RIGHT_space","1","0","3","1","Restoring space requires a narrow sequence with substantial obstruction."
"23","7f08af70b0df4c274f71a0e5d7858e3aacaf2fbcdc8d318da6590e72b930a4fe","RIGHT_space","2","0","3","1","Some routes to restore space exist but are constrained."
"23","7f08af70b0df4c274f71a0e5d7858e3aacaf2fbcdc8d318da6590e72b930a4fe","RIGHT_space","3","1","3","1","Multiple practical merge sequences can reopen empty cells."
"23","7f08af70b0df4c274f71a0e5d7858e3aacaf2fbcdc8d318da6590e72b930a4fe","RIGHT_space","4","0","3","1","The arrangement readily restores maneuvering room through several compatible sequences."
"23","7f08af70b0df4c274f71a0e5d7858e3aacaf2fbcdc8d318da6590e72b930a4fe","DOWN_merge","0","0","3","1","Important equal tiles are separated by obstructing tiles with no coherent merge sequence."
"23","7f08af70b0df4c274f71a0e5d7858e3aacaf2fbcdc8d318da6590e72b930a4fe","DOWN_merge","1","0","3","1","Useful merges require disrupting the established large-tile arrangement."
"23","7f08af70b0df4c274f71a0e5d7858e3aacaf2fbcdc8d318da6590e72b930a4fe","DOWN_merge","2","0","3","1","A useful merge exists but continuing the sequence is awkward."
"23","7f08af70b0df4c274f71a0e5d7858e3aacaf2fbcdc8d318da6590e72b930a4fe","DOWN_merge","3","1","3","1","Several equal tiles form accessible, orderly merge sequences."
"23","7f08af70b0df4c274f71a0e5d7858e3aacaf2fbcdc8d318da6590e72b930a4fe","DOWN_merge","4","0","3","1","Coherent merge sequences preserve the established large-tile arrangement."
"23","7f08af70b0df4c274f71a0e5d7858e3aacaf2fbcdc8d318da6590e72b930a4fe","DOWN_space","0","0","3","1","The arrangement has no practical route to restore maneuvering room."
"23","7f08af70b0df4c274f71a0e5d7858e3aacaf2fbcdc8d318da6590e72b930a4fe","DOWN_space","1","0","3","1","Restoring space requires a narrow sequence with substantial obstruction."
"23","7f08af70b0df4c274f71a0e5d7858e3aacaf2fbcdc8d318da6590e72b930a4fe","DOWN_space","2","0","3","1","Some routes to restore space exist but are constrained."
"23","7f08af70b0df4c274f71a0e5d7858e3aacaf2fbcdc8d318da6590e72b930a4fe","DOWN_space","3","1","3","1","Multiple practical merge sequences can reopen empty cells."
"23","7f08af70b0df4c274f71a0e5d7858e3aacaf2fbcdc8d318da6590e72b930a4fe","DOWN_space","4","0","3","1","The arrangement readily restores maneuvering room through several compatible sequences."
"23","7f08af70b0df4c274f71a0e5d7858e3aacaf2fbcdc8d318da6590e72b930a4fe","LEFT_merge","0","0","3","1","Important equal tiles are separated by obstructing tiles with no coherent merge sequence."
"23","7f08af70b0df4c274f71a0e5d7858e3aacaf2fbcdc8d318da6590e72b930a4fe","LEFT_merge","1","0","3","1","Useful merges require disrupting the established large-tile arrangement."
"23","7f08af70b0df4c274f71a0e5d7858e3aacaf2fbcdc8d318da6590e72b930a4fe","LEFT_merge","2","0","3","1","A useful merge exists but continuing the sequence is awkward."
"23","7f08af70b0df4c274f71a0e5d7858e3aacaf2fbcdc8d318da6590e72b930a4fe","LEFT_merge","3","1","3","1","Several equal tiles form accessible, orderly merge sequences."
"23","7f08af70b0df4c274f71a0e5d7858e3aacaf2fbcdc8d318da6590e72b930a4fe","LEFT_merge","4","0","3","1","Coherent merge sequences preserve the established large-tile arrangement."
"23","7f08af70b0df4c274f71a0e5d7858e3aacaf2fbcdc8d318da6590e72b930a4fe","LEFT_space","0","0","3","1","The arrangement has no practical route to restore maneuvering room."
"23","7f08af70b0df4c274f71a0e5d7858e3aacaf2fbcdc8d318da6590e72b930a4fe","LEFT_space","1","0","3","1","Restoring space requires a narrow sequence with substantial obstruction."
"23","7f08af70b0df4c274f71a0e5d7858e3aacaf2fbcdc8d318da6590e72b930a4fe","LEFT_space","2","0","3","1","Some routes to restore space exist but are constrained."
"23","7f08af70b0df4c274f71a0e5d7858e3aacaf2fbcdc8d318da6590e72b930a4fe","LEFT_space","3","1","3","1","Multiple practical merge sequences can reopen empty cells."
"23","7f08af70b0df4c274f71a0e5d7858e3aacaf2fbcdc8d318da6590e72b930a4fe","LEFT_space","4","0","3","1","The arrangement readily restores maneuvering room through several compatible sequences."
