"matchId","round","action","selected","source","mergeGain","emptyCount","legalCount","maxTile","maxInCorner","monotonicity","roughness","immediateBlockProbability","expectedLegalMoves","baselineUtility","modelUtility","confidence","searchValue","nodes","nodeBudget","requestedDepth","maxDepthReached","frontierEvaluations","searchTruncated","adjacentEquals","tileEntropyBits","mergeScore","mergeConfidence","mergeEntropyBits","mergeP0","mergeP1","mergeP2","mergeP3","mergeP4","spaceScore","spaceConfidence","spaceEntropyBits","spaceP0","spaceP1","spaceP2","spaceP3","spaceP4"
"a193063899de5bed96f0ce6b74ce97e4","1","UP","true","jev","0","14","3","2","false","0.9583333333333334","0","0","3.842857142857142","4.461618887116565","0.75","1","4.461618887116565","128","128","1","1","190","true","1","0","3","1","0","0","0","0","1","0","3","1","0","0","0","0","1","0"
"a193063899de5bed96f0ce6b74ce97e4","1","RIGHT","false","jev","0","14","3","2","true","1","0","0","3.842857142857142","5.128009193239015","0.75","1","5.128009193239015","128","128","1","1","242","true","1","0","3","1","0","0","0","0","1","0","3","1","0","0","0","0","1","0"
"a193063899de5bed96f0ce6b74ce97e4","1","DOWN","false","jev","0","14","3","2","false","0.9583333333333334","0","0","3.8428571428571425","4.464021098000917","0.75","1","4.464021098000917","128","128","1","1","242","true","1","0","3","1","0","0","0","0","1","0","3","1","0","0","0","0","1","0"
"a193063899de5bed96f0ce6b74ce97e4","1","LEFT","false","jev","0","14","3","2","true","1","0","0","3.842857142857142","5.131112934735613","0.75","1","5.131112934735613","128","128","1","1","190","true","1","0","3","1","0","0","0","0","1","0","3","1","0","0","0","0","1","0"
"a193063899de5bed96f0ce6b74ce97e4","2","UP","true","jev","4","14","3","4","false","0.9583333333333334","0.020833333333333332","0","3.7142857142857135","4.250091205503218","0.75","1","4.177530952537988","128","128","1","1","160","true","0","1","3","1","0","0","0","0","1","0","3","1","0","0","0","0","1","0"
"a193063899de5bed96f0ce6b74ce97e4","2","RIGHT","false","jev","4","14","2","4","true","1","0.020833333333333332","0","3.564285714285714","5.258490930777945","0.75","1","5.185930677812714","128","128","1","1","186","true","0","1","3","1","0","0","0","0","1","0","3","1","0","0","0","0","1","0"
"a193063899de5bed96f0ce6b74ce97e4","2","DOWN","false","jev","4","14","3","4","false","0.9583333333333334","0.020833333333333332","0","3.714285714285714","4.31210123281871","0.75","1","4.23954097985348","128","128","1","1","234","true","0","1","3","1","0","0","0","0","1","0","3","1","0","0","0","0","1","0"
"a193063899de5bed96f0ce6b74ce97e4","2","LEFT","false","jev","4","14","2","4","true","1","0.020833333333333332","0","3.5642857142857136","5.1952571853567","0.75","1","5.122696932391469","128","128","1","1","160","true","0","1","3","1","0","0","0","0","1","0","3","1","0","0","0","0","1","0"
"a193063899de5bed96f0ce6b74ce97e4","3","UP","true","jev","0","13","3","4","false","0.9791666666666666","0.020833333333333332","0","3.838461538461537","4.03159498923305","0.75","1","4.03159498923305","128","128","1","1","180","true","1","0.9182958340544896","3","1","0","0","0","0","1","0","3","1","0","0","0","0","1","0"
"a193063899de5bed96f0ce6b74ce97e4","3","RIGHT","false","jev","0","13","3","4","false","0.9791666666666666","0.020833333333333332","0","3.769230769230768","4.029589233047924","0.75","1","4.029589233047924","128","128","1","1","228","true","1","0.9182958340544896","3","1","0","0","0","0","1","0","3","1","0","0","0","0","1","0"
"a193063899de5bed96f0ce6b74ce97e4","3","DOWN","false","jev","0","13","3","4","false","0.9791666666666666","0.020833333333333332","0","3.8384615384615373","4.027789398157089","0.75","1","4.027789398157089","128","128","1","1","224","true","1","0.9182958340544896","3","1","0","0","0","0","1","0","3","1","0","0","0","0","1","0"
"a193063899de5bed96f0ce6b74ce97e4","3","LEFT","false","jev","0","13","2","4","true","1","0.041666666666666664","0","3.66153846153846","4.941039469444101","0.75","1","4.941039469444101","128","128","1","1","223","true","0","0.9182958340544896","3","1","0","0","0","0","1","0","3","1","0","0","0","0","1","0"
"a193063899de5bed96f0ce6b74ce97e4","4","UP","true","jev","0","12","3","4","false","0.9583333333333334","0.041666666666666664","0","3.891666666666665","3.7559286897501307","0.75","1","3.7559286897501307","128","128","1","1","166","true","1","0.8112781244591328","3","1","0","0","0","0","1","0","3","1","0","0","0","0","1","0"
"a193063899de5bed96f0ce6b74ce97e4","4","RIGHT","false","jev","4","13","4","4","true","0.9791666666666666","0","0","3.9999999999999982","5.032012940859066","0.75","1","4.959452687893836","128","128","1","1","224","true","1","0.9182958340544896","3","1","0","0","0","0","1","0","3","1","0","0","0","0","1","0"
"a193063899de5bed96f0ce6b74ce97e4","4","DOWN","false","jev","0","12","3","4","false","0.9375","0.020833333333333332","0","3.824999999999999","3.7496013752471025","0.75","1","3.7496013752471025","128","128","1","1","206","true","2","0.8112781244591328","3","1","0","0","0","0","1","0","3","1","0","0","0","0","1","0"
"a193063899de5bed96f0ce6b74ce97e4","4","LEFT","false","jev","4","13","4","4","true","0.9791666666666666","0","0","3.9999999999999982","5.0316924280385535","0.75","1","4.959132175073323","128","128","1","1","224","true","1","0.9182958340544896","3","1","0","0","0","0","1","0","3","1","0","0","0","0","1","0"
