"matchId","round","actor","cell","row","column","exponent","value","spawned","mergeCount"
"a193063899de5bed96f0ce6b74ce97e4","1","human","0","0","0","0","0","false","0"
"a193063899de5bed96f0ce6b74ce97e4","1","human","1","0","1","1","2","false","0"
"a193063899de5bed96f0ce6b74ce97e4","1","human","2","0","2","1","2","false","0"
"a193063899de5bed96f0ce6b74ce97e4","1","human","3","0","3","0","0","false","0"
"a193063899de5bed96f0ce6b74ce97e4","1","human","4","1","0","0","0","false","0"
"a193063899de5bed96f0ce6b74ce97e4","1","human","5","1","1","1","2","true","0"
"a193063899de5bed96f0ce6b74ce97e4","1","human","6","1","2","0","0","false","0"
"a193063899de5bed96f0ce6b74ce97e4","1","human","7","1","3","0","0","false","0"
"a193063899de5bed96f0ce6b74ce97e4","1","human","8","2","0","0","0","false","0"
"a193063899de5bed96f0ce6b74ce97e4","1","human","9","2","1","0","0","false","0"
"a193063899de5bed96f0ce6b74ce97e4","1","human","10","2","2","0","0","false","0"
"a193063899de5bed96f0ce6b74ce97e4","1","human","11","2","3","0","0","false","0"
"a193063899de5bed96f0ce6b74ce97e4","1","human","12","3","0","0","0","false","0"
"a193063899de5bed96f0ce6b74ce97e4","1","human","13","3","1","0","0","false","0"
"a193063899de5bed96f0ce6b74ce97e4","1","human","14","3","2","0","0","false","0"
"a193063899de5bed96f0ce6b74ce97e4","1","human","15","3","3","0","0","false","0"
"a193063899de5bed96f0ce6b74ce97e4","1","jev","0","0","0","0","0","false","0"
"a193063899de5bed96f0ce6b74ce97e4","1","jev","1","0","1","1","2","false","0"
"a193063899de5bed96f0ce6b74ce97e4","1","jev","2","0","2","1","2","false","0"
"a193063899de5bed96f0ce6b74ce97e4","1","jev","3","0","3","0","0","false","0"
"a193063899de5bed96f0ce6b74ce97e4","1","jev","4","1","0","0","0","false","0"
"a193063899de5bed96f0ce6b74ce97e4","1","jev","5","1","1","1","2","true","0"
"a193063899de5bed96f0ce6b74ce97e4","1","jev","6","1","2","0","0","false","0"
"a193063899de5bed96f0ce6b74ce97e4","1","jev","7","1","3","0","0","false","0"
"a193063899de5bed96f0ce6b74ce97e4","1","jev","8","2","0","0","0","false","0"
"a193063899de5bed96f0ce6b74ce97e4","1","jev","9","2","1","0","0","false","0"
"a193063899de5bed96f0ce6b74ce97e4","1","jev","10","2","2","0","0","false","0"
"a193063899de5bed96f0ce6b74ce97e4","1","jev","11","2","3","0","0","false","0"
"a193063899de5bed96f0ce6b74ce97e4","1","jev","12","3","0","0","0","false","0"
"a193063899de5bed96f0ce6b74ce97e4","1","jev","13","3","1","0","0","false","0"
"a193063899de5bed96f0ce6b74ce97e4","1","jev","14","3","2","0","0","false","0"
"a193063899de5bed96f0ce6b74ce97e4","1","jev","15","3","3","0","0","false","0"
"a193063899de5bed96f0ce6b74ce97e4","2","human","0","0","0","0","0","false","0"
"a193063899de5bed96f0ce6b74ce97e4","2","human","1","0","1","2","4","false","1"
"a193063899de5bed96f0ce6b74ce97e4","2","human","2","0","2","1","2","false","0"
"a193063899de5bed96f0ce6b74ce97e4","2","human","3","0","3","0","0","false","0"
"a193063899de5bed96f0ce6b74ce97e4","2","human","4","1","0","0","0","false","0"
"a193063899de5bed96f0ce6b74ce97e4","2","human","5","1","1","0","0","false","0"
"a193063899de5bed96f0ce6b74ce97e4","2","human","6","1","2","0","0","false","0"
"a193063899de5bed96f0ce6b74ce97e4","2","human","7","1","3","1","2","true","0"
"a193063899de5bed96f0ce6b74ce97e4","2","human","8","2","0","0","0","false","0"
"a193063899de5bed96f0ce6b74ce97e4","2","human","9","2","1","0","0","false","0"
"a193063899de5bed96f0ce6b74ce97e4","2","human","10","2","2","0","0","false","0"
"a193063899de5bed96f0ce6b74ce97e4","2","human","11","2","3","0","0","false","0"
"a193063899de5bed96f0ce6b74ce97e4","2","human","12","3","0","0","0","false","0"
"a193063899de5bed96f0ce6b74ce97e4","2","human","13","3","1","0","0","false","0"
"a193063899de5bed96f0ce6b74ce97e4","2","human","14","3","2","0","0","false","0"
"a193063899de5bed96f0ce6b74ce97e4","2","human","15","3","3","0","0","false","0"
"a193063899de5bed96f0ce6b74ce97e4","2","jev","0","0","0","0","0","false","0"
"a193063899de5bed96f0ce6b74ce97e4","2","jev","1","0","1","2","4","false","1"
"a193063899de5bed96f0ce6b74ce97e4","2","jev","2","0","2","1","2","false","0"
"a193063899de5bed96f0ce6b74ce97e4","2","jev","3","0","3","0","0","false","0"
"a193063899de5bed96f0ce6b74ce97e4","2","jev","4","1","0","0","0","false","0"
"a193063899de5bed96f0ce6b74ce97e4","2","jev","5","1","1","0","0","false","0"
"a193063899de5bed96f0ce6b74ce97e4","2","jev","6","1","2","0","0","false","0"
"a193063899de5bed96f0ce6b74ce97e4","2","jev","7","1","3","1","2","true","0"
"a193063899de5bed96f0ce6b74ce97e4","2","jev","8","2","0","0","0","false","0"
"a193063899de5bed96f0ce6b74ce97e4","2","jev","9","2","1","0","0","false","0"
"a193063899de5bed96f0ce6b74ce97e4","2","jev","10","2","2","0","0","false","0"
"a193063899de5bed96f0ce6b74ce97e4","2","jev","11","2","3","0","0","false","0"
"a193063899de5bed96f0ce6b74ce97e4","2","jev","12","3","0","0","0","false","0"
"a193063899de5bed96f0ce6b74ce97e4","2","jev","13","3","1","0","0","false","0"
"a193063899de5bed96f0ce6b74ce97e4","2","jev","14","3","2","0","0","false","0"
"a193063899de5bed96f0ce6b74ce97e4","2","jev","15","3","3","0","0","false","0"
"a193063899de5bed96f0ce6b74ce97e4","3","human","0","0","0","0","0","false","0"
"a193063899de5bed96f0ce6b74ce97e4","3","human","1","0","1","2","4","false","0"
"a193063899de5bed96f0ce6b74ce97e4","3","human","2","0","2","1","2","false","0"
"a193063899de5bed96f0ce6b74ce97e4","3","human","3","0","3","1","2","false","0"
"a193063899de5bed96f0ce6b74ce97e4","3","human","4","1","0","0","0","false","0"
"a193063899de5bed96f0ce6b74ce97e4","3","human","5","1","1","0","0","false","0"
"a193063899de5bed96f0ce6b74ce97e4","3","human","6","1","2","0","0","false","0"
"a193063899de5bed96f0ce6b74ce97e4","3","human","7","1","3","0","0","false","0"
"a193063899de5bed96f0ce6b74ce97e4","3","human","8","2","0","0","0","false","0"
"a193063899de5bed96f0ce6b74ce97e4","3","human","9","2","1","1","2","true","0"
"a193063899de5bed96f0ce6b74ce97e4","3","human","10","2","2","0","0","false","0"
"a193063899de5bed96f0ce6b74ce97e4","3","human","11","2","3","0","0","false","0"
"a193063899de5bed96f0ce6b74ce97e4","3","human","12","3","0","0","0","false","0"
"a193063899de5bed96f0ce6b74ce97e4","3","human","13","3","1","0","0","false","0"
"a193063899de5bed96f0ce6b74ce97e4","3","human","14","3","2","0","0","false","0"
"a193063899de5bed96f0ce6b74ce97e4","3","human","15","3","3","0","0","false","0"
"a193063899de5bed96f0ce6b74ce97e4","3","jev","0","0","0","0","0","false","0"
"a193063899de5bed96f0ce6b74ce97e4","3","jev","1","0","1","2","4","false","0"
"a193063899de5bed96f0ce6b74ce97e4","3","jev","2","0","2","1","2","false","0"
"a193063899de5bed96f0ce6b74ce97e4","3","jev","3","0","3","1","2","false","0"
"a193063899de5bed96f0ce6b74ce97e4","3","jev","4","1","0","0","0","false","0"
"a193063899de5bed96f0ce6b74ce97e4","3","jev","5","1","1","0","0","false","0"
"a193063899de5bed96f0ce6b74ce97e4","3","jev","6","1","2","0","0","false","0"
"a193063899de5bed96f0ce6b74ce97e4","3","jev","7","1","3","0","0","false","0"
"a193063899de5bed96f0ce6b74ce97e4","3","jev","8","2","0","0","0","false","0"
"a193063899de5bed96f0ce6b74ce97e4","3","jev","9","2","1","1","2","true","0"
"a193063899de5bed96f0ce6b74ce97e4","3","jev","10","2","2","0","0","false","0"
"a193063899de5bed96f0ce6b74ce97e4","3","jev","11","2","3","0","0","false","0"
"a193063899de5bed96f0ce6b74ce97e4","3","jev","12","3","0","0","0","false","0"
"a193063899de5bed96f0ce6b74ce97e4","3","jev","13","3","1","0","0","false","0"
"a193063899de5bed96f0ce6b74ce97e4","3","jev","14","3","2","0","0","false","0"
"a193063899de5bed96f0ce6b74ce97e4","3","jev","15","3","3","0","0","false","0"
"a193063899de5bed96f0ce6b74ce97e4","4","human","0","0","0","0","0","false","0"
"a193063899de5bed96f0ce6b74ce97e4","4","human","1","0","1","0","0","false","0"
"a193063899de5bed96f0ce6b74ce97e4","4","human","2","0","2","2","4","false","0"
"a193063899de5bed96f0ce6b74ce97e4","4","human","3","0","3","2","4","false","1"
"a193063899de5bed96f0ce6b74ce97e4","4","human","4","1","0","1","2","true","0"
"a193063899de5bed96f0ce6b74ce97e4","4","human","5","1","1","0","0","false","0"
"a193063899de5bed96f0ce6b74ce97e4","4","human","6","1","2","0","0","false","0"
"a193063899de5bed96f0ce6b74ce97e4","4","human","7","1","3","0","0","false","0"
"a193063899de5bed96f0ce6b74ce97e4","4","human","8","2","0","0","0","false","0"
"a193063899de5bed96f0ce6b74ce97e4","4","human","9","2","1","0","0","false","0"
"a193063899de5bed96f0ce6b74ce97e4","4","human","10","2","2","0","0","false","0"
"a193063899de5bed96f0ce6b74ce97e4","4","human","11","2","3","1","2","false","0"
"a193063899de5bed96f0ce6b74ce97e4","4","human","12","3","0","0","0","false","0"
"a193063899de5bed96f0ce6b74ce97e4","4","human","13","3","1","0","0","false","0"
"a193063899de5bed96f0ce6b74ce97e4","4","human","14","3","2","0","0","false","0"
"a193063899de5bed96f0ce6b74ce97e4","4","human","15","3","3","0","0","false","0"
"a193063899de5bed96f0ce6b74ce97e4","4","jev","0","0","0","0","0","false","0"
"a193063899de5bed96f0ce6b74ce97e4","4","jev","1","0","1","2","4","false","0"
"a193063899de5bed96f0ce6b74ce97e4","4","jev","2","0","2","1","2","false","0"
"a193063899de5bed96f0ce6b74ce97e4","4","jev","3","0","3","1","2","false","0"
"a193063899de5bed96f0ce6b74ce97e4","4","jev","4","1","0","1","2","true","0"
"a193063899de5bed96f0ce6b74ce97e4","4","jev","5","1","1","1","2","false","0"
"a193063899de5bed96f0ce6b74ce97e4","4","jev","6","1","2","0","0","false","0"
"a193063899de5bed96f0ce6b74ce97e4","4","jev","7","1","3","0","0","false","0"
"a193063899de5bed96f0ce6b74ce97e4","4","jev","8","2","0","0","0","false","0"
"a193063899de5bed96f0ce6b74ce97e4","4","jev","9","2","1","0","0","false","0"
"a193063899de5bed96f0ce6b74ce97e4","4","jev","10","2","2","0","0","false","0"
"a193063899de5bed96f0ce6b74ce97e4","4","jev","11","2","3","0","0","false","0"
"a193063899de5bed96f0ce6b74ce97e4","4","jev","12","3","0","0","0","false","0"
"a193063899de5bed96f0ce6b74ce97e4","4","jev","13","3","1","0","0","false","0"
"a193063899de5bed96f0ce6b74ce97e4","4","jev","14","3","2","0","0","false","0"
"a193063899de5bed96f0ce6b74ce97e4","4","jev","15","3","3","0","0","false","0"
